step,tenders_left
Loaded the table,39500
Removed duplicate tenders (kept newer copy),39411
Turned 7 number columns from text into numbers,39411
Turned 3 date columns from text into real dates,39411
"Bidding window: 19 negative → empty, 129 very long → marked",39411
"Tender value: ₹0 → empty, added value_missing mark",39411
"Giant values: kept (mostly real projects), 6 above ₹1,000 cr marked",39411
Award ratio: below 0.2 or above 5 → empty and marked,39411
Department: kept main name before || (454 → 105 names),39411
Marked the Mar 2021–Feb 2022 gap (489 tenders),39411
"Marked re-tenders (6,092: title says so or same job posted earlier)",39411
"Made single_bid label: 2,044 ones, 4,746 zeros, rest unknown",39411
Saved clean table to data/interim/tenders_clean.csv,39411
