dept_main,labelled,single_bid_pct
Food Civil Supplies and Consumer Affairs Department,129,51.2
Public Works Roads Department-Externally Aided Project,176,40.9
Department of Housing and Urban Affairs,90,38.9
Irrigation Department,115,38.3
Directorate of Agriculture and Assam Seed Corporation,206,37.9
Bodoland Territorial Council,799,37.0
Principal Secretary- P and RD- Assam Secretariat,69,36.2
Welfare of Plain Tribes and Backward Classes,179,34.6
Public Works Building and NH Department,876,32.6
Department of Water Resources,262,31.7
Pr. Chief Conservator of Forest and Head of Forest Force,126,31.0
Assam Power Distribution Company Ltd,231,30.7
Public Works Roads Department,1349,27.1
Industries and Commerce Department,244,26.2
Guwahati Municipal Corporation,215,24.7
Animal Husbandry and Veterinary Department,104,23.1
Home B,150,21.3
Cooperation Department,53,20.8
Urban Development Department,52,19.2
National Health Mission,578,18.3
Health and Family Welfare Department,123,15.4
